{"cameraMode":{"drawMode":0,"name":"Shaded","section":"Shading Mode"},"sceneLighting":false,"audioPlay":false,"sceneViewState":{"showFog":true,"showMaterialUpdate":false,"showSkybox":false,"showFlares":true,"showImageEffects":true,"showParticleSystems":true},"in2DMode":false,"pivot":{"x":395.64776611328127,"y":127.75322723388672,"z":-12.057136535644532},"rotation":{"x":0.6634323596954346,"y":0.0011223535984754563,"z":-0.0009951498359441758,"w":0.748234212398529},"size":1.2824746370315552,"orthographic":true}