{"cameraMode":{"drawMode":0,"name":"Shaded","section":"Shading Mode"},"sceneLighting":true,"audioPlay":false,"sceneViewState":{"showFog":true,"showMaterialUpdate":false,"showSkybox":true,"showFlares":true,"showImageEffects":true,"showParticleSystems":true},"in2DMode":false,"pivot":{"x":-0.03682807460427284,"y":-0.015625,"z":-2.0387821197509767},"rotation":{"x":-0.30799296498298647,"y":-0.12454649806022644,"z":0.040707066655159,"w":-0.9423261284828186},"size":17.6418399810791,"orthographic":true}